rank,previous_rank,ranking_country,ranking_category,brand,price_range,relative_demand,previous_relative_demand,rank_timestamp,product_title
1,1,US,4437,Merrick,8-9 USD,51-100 Very high,51-100 Very high,2025-07-11,Merrick Bed Risers
2,2,US,4437,VEVOR,96-98 USD,51-100 Very high,51-100 Very high,2025-07-11,VEVOR Murphy Bed Kit Full Size Vertical Deluxe DIY Wall Bed Hardware Folding
3,4,US,4437,,56-64 USD,21-50 High,21-50 High,2025-07-11,Hollywood Bed Hook-On Bed Rails Twin/Full
4,6,US,4437,,13-16 USD,21-50 High,21-50 High,2025-07-11,Room Essentials Bed Sheet Straps
5,5,US,4437,Mainstays,9-9 USD,21-50 High,21-50 High,2025-07-11,Mainstays Black Plastic Bed Risers Raise Your Bed to Create Storage Space 4 Pack
6,9,US,4437,,31-31 USD,21-50 High,11-20 Medium,2025-07-11,"Bed Rails for Elderly Adults Safety, Medical Bed Assist Rail for Seniors, Bed Side Rails for Queen Bed, Height Adjustable Bedside Bed Cane Grab Bar"
7,7,US,4437,Home-it,21-21 USD,21-50 High,21-50 High,2025-07-11,Adjustable Bed Risers or Furniture Riser
8,10,US,4437,,17-17 USD,11-20 Medium,11-20 Medium,2025-07-11,"Custom Bed Gap Filler, Mattress Wedge Gap Crack Filler Twin Space Filler Between Bed and Wall with Removable Cover, Full Mattress Extender Stuffer"
9,,US,4437,,43-43 USD,11-20 Medium,,2025-07-11,"Bed Rails for Elderly Adults Safety, Adjustable Bed Assist Rails for Seniors, Bed Side Rails with Support Legs and Storage Pocket, Portable Bed Cane"
10,38,US,4437,KingPavonini,30-30 USD,11-20 Medium,6-10 Low,2025-07-11,Kingpavonini Bed Rails for Elderly Adults Medical Bed Support Bar Mobility Assistant with Free Storage Bag and Fixing Strap Normal
11,18,US,4437,,20-20 USD,11-20 Medium,11-20 Medium,2025-07-11,Furniture Risers Tclouda Bed/Sofa/Desk/Table/Chair/Fridge Leg L... MAXAYA
12,13,US,4437,,19-24 USD,11-20 Medium,11-20 Medium,2025-07-11,"Vekkia Queen Bed Wedge Pillow for Headboard Gap Filler(0-3.5""),High-Density Foam,Prevents Pillows & Items Loss,Ergonomic Design,Large Storage"
13,24,US,4437,,13-13 USD,11-20 Medium,6-10 Low,2025-07-11,2Pcs 711 Bolt on to Hook on Bed Frame Conversion Brackets with Hardware Hook
14,15,US,4437,Stander,119-150 USD,11-20 Medium,11-20 Medium,2025-07-11,Stander EZ Adjust Bed Rail
15,20,US,4437,,180-180 USD,11-20 Medium,11-20 Medium,2025-07-11,BH101-Cherry Finish Bed Rails
16,28,US,4437,,40-40 USD,11-20 Medium,6-10 Low,2025-07-11,LEACHOI Bed Rails for Elderly Adults Bed Assist Rail with Dual Grab Handles for Easily Getting in & Out of Bed
17,,US,4437,,,11-20 Medium,,2025-07-11,DormCo Suprima Ultimate Height Bed Risers
18,14,US,4437,VEVOR,48-62 USD,11-20 Medium,11-20 Medium,2025-07-11,VEVOR Bed Rails for Elderly Adults 180° Foldable Bed Rails for Seniors 450LBS
19,25,US,4437,,14-14 USD,6-10 Low,6-10 Low,2025-07-11,ECO-Layers Bed Bridge Twin to King Converter Kit Twin Bed Connector King Maker
20,,US,4437,,,6-10 Low,,2025-07-11,"4 Pack Locking Hinge for Folding Table Brackets, Heavy Duty Folding Brackets 90 Degree Self Locking Folding Hinge for Table Legs Furniture"
21,33,US,4437,,50-54 USD,6-10 Low,6-10 Low,2025-07-11,"Skuehod Adjustable Bed Legs Replacement for Adjustable Bed Base Frame Different Threads Include,12 inch Screw in Legs"
22,69,US,4437,VEVOR,87-151 USD,6-10 Low,0-5 Very low,2025-07-11,VEVOR Murphy Bed Kit Queen Size Vertical Deluxe DIY Wall Bed Hardware Folding
23,19,US,4437,,16-16 USD,6-10 Low,11-20 Medium,2025-07-11,Zoster Bed Frame Support Legs Adjustable Sofa Couch Center Brackets Replacement Reinforcement Parts Furniture Slats Board Leg Feet
24,68,US,4437,,8-10 USD,6-10 Low,0-5 Very low,2025-07-11,"Siaomo Bed Sheet Holder Straps - Adjustable Crisscross Clips Elastic Band Fitted Bed Sheet Fasten Suspenders Grippers,2Pcs/Set Black"
25,31,US,4437,VEVOR,75-99 USD,6-10 Low,6-10 Low,2025-07-11,VEVOR Murphy Bed Kit Twin Deluxe DIY Wall Bed Mechanical Hardware Kit Folding
26,11,US,4437,IKEA,80-80 USD,6-10 Low,11-20 Medium,2025-07-11,IKEA MALM underbed storage box for high bed
27,22,US,4437,,43-43 USD,6-10 Low,6-10 Low,2025-07-11,Bed Buddi Magnetically Mounted 5' Telescoping Truck Bed Cargo Retrieval Hook/Extendable Reaching Tool/Truck Accessories
28,29,US,4437,,27-27 USD,6-10 Low,6-10 Low,2025-07-11,"ANNKUT Furniture Risers 4 Inch, Heavy Duty Furniture Elevator in Heights of 1.5, 3 or 4 Inch,Rectangle Raising Blocks for Bed"
29,16,US,4437,KingPavonini,39-40 USD,6-10 Low,11-20 Medium,2025-07-11,Kingpavonini Bed Rail for Elderly Adults Safety with Leg Adjustable Bed Cane Tool-Free Assembe
30,32,US,4437,,35-43 USD,6-10 Low,6-10 Low,2025-07-11,ADERI Adjustable Bed Rails for Elderly Adults with Night Light & Bag
31,23,US,4437,,70-70 USD,6-10 Low,6-10 Low,2025-07-11,Siebenschläfer Bed Rails for Elderly Adults Safety Extended Bed Assist Rail for Seniors with Motion Sensor Light
32,37,US,4437,,7-7 USD,6-10 Low,6-10 Low,2025-07-11,"ALLWIN Crib Screws Hardware Replacement Kit 16 Set Baby Bed Frame Bolts,Barrel Nut"
33,26,US,4437,,40-40 USD,6-10 Low,6-10 Low,2025-07-11,WHOMEC Bed Rails for Elderly Adults Safety-Bed Assist Rail with Double Grab Bars & Fall Prevention Guard & Storage Pocket fits King
34,40,US,4437,Slipstick,25-28 USD,6-10 Low,6-10 Low,2025-07-11,Clear Stack-Its Furniture Risers Slipstick
35,21,US,4437,KingPavonini,30-44 USD,6-10 Low,11-20 Medium,2025-07-11,Bed Rail Bed Rails for Elderly Adults Medical Bed Support Bar Mobility Assistant with Free Storage Bag and Fixing Strap
36,47,US,4437,,108-108 USD,6-10 Low,6-10 Low,2025-07-11,Alaterre Underbed Storage Drawers
37,62,US,4437,,25-28 USD,6-10 Low,0-5 Very low,2025-07-11,"Fasonla Bed Risers Furniture Risers Lifts Height 1"", 2"" or 4"
38,39,US,4437,,110-114 USD,6-10 Low,6-10 Low,2025-07-11,Hollywood Bed Frame Hook On Bed Rails Queen/Eastern King with Center Support and 2 Glides
39,30,US,4437,,18-30 USD,6-10 Low,6-10 Low,2025-07-11,"SKORVA Center Support Beam, Galvanized Steel Midbeam Support Beam - Bed Frame Support Beams,skorva midbeam, Support Beams for Bed, hemnes Bed"
40,59,US,4437,,7-7 USD,6-10 Low,6-10 Low,2025-07-11,"Socell Crib Screws Hardware Replacement Kit,Socell 32Set Baby Bed Frame Bolts &Barre"
41,52,US,4437,IKEA,100-100 USD,6-10 Low,6-10 Low,2025-07-11,IKEA SONGESAND underbed storage box
42,45,US,4437,,40-40 USD,6-10 Low,6-10 Low,2025-07-11,JOYDING Bed Rail Safety Bed Guard Assist Handle For Elderly
43,50,US,4437,,10-10 USD,6-10 Low,6-10 Low,2025-07-11,"SPEETH 4 Pack Headboard Stoppers, Adjustable Bed Noise Stopper for Wall, Bed Frame Post Anti-Shake Tool, Head Board Stabilizer Pad Support Bumper"
44,55,US,4437,,53-64 USD,6-10 Low,6-10 Low,2025-07-11,Hollywood Bed Bolt-On Bed Rails Twin/Full
45,48,US,4437,,16-16 USD,6-10 Low,6-10 Low,2025-07-11,Zoster Bed Frame Support Legs Adjustable Sofa Couch Center Brackets Replacement Reinforcement Parts Furniture Slats Board Leg Feet
46,51,US,4437,Atlantic Furniture,132-132 USD,6-10 Low,6-10 Low,2025-07-11,AFI Twin/Full Bed Drawer
47,42,US,4437,,58-58 USD,6-10 Low,6-10 Low,2025-07-11,Black Folding Extension Support Brackets Self Lock Hinges with Screws for Table Bed Leg Feet
48,53,US,4437,,50-50 USD,6-10 Low,6-10 Low,2025-07-11,Sleepy's Universal Headboard Bracket
49,44,US,4437,,40-40 USD,0-5 Very low,6-10 Low,2025-07-11,Bed Assist Rail with Double Non-Slip Grab Bars Bed Rails for Seniors with Storage Pocket-300lbs Support
50,70,US,4437,Knickerbocker,150-150 USD,0-5 Very low,0-5 Very low,2025-07-11,Bedbeam Steel Slat System
51,46,US,4437,Ebern Designs,79-80 USD,0-5 Very low,6-10 Low,2025-07-11,Bandini Underbed Storage Drawers Ebern Designs
52,54,US,4437,,20-20 USD,0-5 Very low,6-10 Low,2025-07-11,"Wlrrcwdttc 4 Pcs Metal Adjustable Furniture Legs 3.15-4.72 inch Adjustable Cabinet Legs for Sofa/Bed/Chair/Couch/Dresser/Table,Heavy Duty"
53,95,US,4437,,61-67 USD,0-5 Very low,0-5 Very low,2025-07-11,MUSEHOMEINC Solid Wood Underbed Storage Trundle Organizer
54,,US,4437,,,0-5 Very low,,2025-07-11,FeelAtHome Bed Bridge Twin to King Converter Kit Twin Bed Connector King Maker
55,34,US,4437,VEVOR,86-98 USD,0-5 Very low,6-10 Low,2025-07-11,VEVOR Murphy Bed Kit Queen Deluxe DIY Wall Bed Mechanical Hardware Kit Folding
56,,US,4437,,,0-5 Very low,,2025-07-11,Adjustable Bed Frame Legs Replacement Set
57,36,US,4437,,14-14 USD,0-5 Very low,6-10 Low,2025-07-11,"Xeitive Non Slip Mattress Gaskets for Bed Frame, 6 pcs Mattress Holder in Place Gripper, Anti-Slip Baffle Fit for Metal Bed Frames, Easy to"
58,74,US,4437,Atlantic Furniture,141-157 USD,0-5 Very low,0-5 Very low,2025-07-11,AFI Mid-Century Modern Under Bed Storage Drawers
59,72,US,4437,,10-10 USD,0-5 Very low,0-5 Very low,2025-07-11,6PCS Reinforced Bed Frame Feet That Replace Wheels. Prevent Sliding. Sturdy Replacement Bed Frame Legs. Plastic Bed Frame Feet Replacement
60,89,US,4437,,21-21 USD,0-5 Very low,0-5 Very low,2025-07-11,"Mattress Slide Stopper, DELLAN Non-Slip Mattress Gripper Retainer Bar, Mattress Holder for Bed Frame to Prevent Sliding (2 Pack)"
61,56,US,4437,,18-18 USD,0-5 Very low,6-10 Low,2025-07-11,Btsd-home Adjustable Heavy Duty Bed Risers 3 Inch Stackable Bed Frame Riser Lifter
62,78,US,4437,,8-8 USD,0-5 Very low,0-5 Very low,2025-07-11,"Lift Assist for Elderly,Aids for Disabled and Elderly with No-Slip Grip Handles,Standing Aids & Supports to Transfer Elderly, Senior, Bariatric,"
63,65,US,4437,SHEIN,62-62 USD,0-5 Very low,0-5 Very low,2025-07-11,DMI Adjustable Bed Rail | CVS
64,67,US,4437,Stander,20-20 USD,0-5 Very low,0-5 Very low,2025-07-11,Stander Bed
65,41,US,4437,,20-20 USD,0-5 Very low,6-10 Low,2025-07-11,"Furniture Risers, Tclouda Bed/Sofa/Desk/Table/Chair Leg/Fridge Lifts to 1.5, 3 and 4 in, Rectangle Adjustable Risers Blocks for Extenders, Heavy"
66,49,US,4437,,59-59 USD,0-5 Very low,6-10 Low,2025-07-11,8.3 in. 14.5 in. Adjustable Bed Frame Support Legs
67,158,US,4437,,16-16 USD,0-5 Very low,0-5 Very low,2025-07-11,"House Gas Struts Gas Shock Lift Supports Gas Spring for Bed Cupboard Window (33lb, 15inch)"
68,85,US,4437,,,0-5 Very low,0-5 Very low,2025-07-11,"Medots Bed Assist Rail For Seniors,handicap-with Dual Grab Bar,fall"
69,125,US,4437,,22-22 USD,0-5 Very low,0-5 Very low,2025-07-11,"ANNKUT Furniture Risers 3 inch, Rectangle Adjustable Risers Blocks for Bed Sofa Table and Couch Lift or 3 inch,Heavy Duty Support Up to 1,300"
70,,US,4437,,39-39 USD,0-5 Very low,,2025-07-11,"Split King Gap Filler For Adjustable Bed Mattress Connector Replaces A Bed Gap Filler, A Mattress Gap Filler And Better Be"
71,81,US,4437,,39-39 USD,0-5 Very low,0-5 Very low,2025-07-11,"Bed Risers, Oversized Furniture Risers, 1/2/3/4/5/6/7/8/9/10 inches Adjustable Raise Blocks for Bed Couch Desk Sofa Table Lifts, Furniture Legs"
72,80,US,4437,Comfort Company,346-389 USD,0-5 Very low,0-5 Very low,2025-07-11,Halo Safety Ring Circular Bed Rail
73,,US,4437,Babyletto,199-207 USD,0-5 Very low,,2025-07-11,Babyletto Universal Twin Storage Trundle Bed
74,97,US,4437,KingPavonini,33-33 USD,0-5 Very low,0-5 Very low,2025-07-11,Kingpavonini Heavy Duty Adjustable Bed Rail for Seniors Bed Assist Rails for Elderly Adult Support 400lbs Free Pouch
75,150,US,4437,,140-175 USD,0-5 Very low,0-5 Very low,2025-07-11,Rear Bed Step Tundra (2022+)
76,119,US,4437,,24-24 USD,0-5 Very low,0-5 Very low,2025-07-11,"6 PCS Adjustable Height Bed Support Legs (5.1""-8.3"") Bed Frame Legs for King Queen Bed Slats Bed Slat Support Bed Frame Center Support Furniture Leg"
77,75,US,4437,,224-224 USD,0-5 Very low,0-5 Very low,2025-07-11,Brophy HSWB Camper Tie Down
78,71,US,4437,,136-136 USD,0-5 Very low,0-5 Very low,2025-07-11,Universal QBar Assist Bar (Clamp) - Pair
79,203,US,4437,,16-17 USD,0-5 Very low,0-5 Very low,2025-07-11,"4PCS Adjustable Bed Frame Support Legs (5.1""-8.3""), Frame Center Slats Heavy Support Leg, Extra Durable Furniture Suport Feet, for Frame/Sofa"
80,79,US,4437,,9-16 USD,0-5 Very low,0-5 Very low,2025-07-11,Kings Brand Furniture 42 Pcs Bed Frame Hardware Set
81,90,US,4437,,13-16 USD,0-5 Very low,0-5 Very low,2025-07-11,Home's Place Metal Stem Heavy Duty Bed Frame Wheels Casters Rollers with Socket Sleeve Insters
82,60,US,4437,,12-17 USD,0-5 Very low,0-5 Very low,2025-07-11,5 inch Unfinished Wooden Bun Feet Btowin 4Pcs Solid Wood Furniture Legs with Threaded 5/16'' Hanger Bolts & Mounting Plate & Screws for Sofa Couch
83,91,US,4437,,116-136 USD,0-5 Very low,0-5 Very low,2025-07-11,Brophy Stake Pocket Mounted Camper Tie-Downs - Bed Mount - Qty 4 TDSF
84,76,US,4437,,19-20 USD,0-5 Very low,0-5 Very low,2025-07-11,6 Pack Bed Furniture Risers Stackable Bed Lifts in Heights of 3 inch
85,43,US,4437,,3-8 USD,0-5 Very low,6-10 Low,2025-07-11,4pcs Bed Sheet Holder With Lock Strips Heavy Duty Bed Sheet Corner Fastener Keep Sheets Firm & Tight Bed Sheet Holder Straps Fit Any Bed No More Loose
86,66,US,4437,,40-41 USD,0-5 Very low,0-5 Very low,2025-07-11,"Headboard for Adjustable Bed King, Headboard Brackets Kit for Adjustable Bed Base, Headboard Wall Mounting Brackets, T-Shaped Panel, Smooth Edge,"
87,99,US,4437,,18-18 USD,0-5 Very low,0-5 Very low,2025-07-11,"Modern furniture feet besta legs, kallax legs, Natural wood furniture sofa legs, cabinet legs, Minimalist wooden furniture leg, legs for bed"
88,,US,4437,,,0-5 Very low,,2025-07-11,Zoster Bed Frame Support Legs Adjustable Sofa Couch Center Brackets Replacement Reinforcement Parts Furniture Slats Board Leg Feet
89,109,US,4437,,50-50 USD,0-5 Very low,0-5 Very low,2025-07-11,"Under Bed Blocker for Pets Whole Bed Kit - Adjustable Height & Length, Custom Fits All Beds, Black, Adult Unisex, Size: One Fits All"
90,145,US,4437,,38-38 USD,0-5 Very low,0-5 Very low,2025-07-11,通用 Wooden Bed Slats Replacement 5 Pack
91,84,US,4437,,14-14 USD,0-5 Very low,0-5 Very low,2025-07-11,JruiZhp FoyaHome 2 Pcs Universal Wood Bed Headboard Brackets
92,115,US,4437,,79-79 USD,0-5 Very low,0-5 Very low,2025-07-11,"Blantex 53"" Long Steel Hook-on Bunk Bed Guardrail Blantex Inc. Color: Black"
93,128,US,4437,Medline,8-9 USD,0-5 Very low,0-5 Very low,2025-07-11,Medline Replacement High-Low Crank for MDR107002E Footboard
94,118,US,4437,,14-14 USD,0-5 Very low,0-5 Very low,2025-07-11,"AUXBC 1.2 Inch Self-Adhesive Furniture Riser, Round Carbon Steel Bed Table Sofa Lift Heavy Duty Bed Riser, Adds 1.2 Inch Height with Felt Pad (4Pcs/"
95,94,US,4437,,80-80 USD,0-5 Very low,0-5 Very low,2025-07-11,"MIWOOYY Black Interior Bunk Bed Ladder 55"" RV Metal Ladder with Adjustable Hooks and Mounting Hardware"
96,256,US,4437,,19-19 USD,0-5 Very low,0-5 Very low,2025-07-11,"Flechazo Pack of 8 Furniture Bed Risers, 2 or 4 Inch Heavy Duty Adjustable Plastic Triangular Furniture Risers with Non-Slip Mats for Bed"
97,131,US,4437,,27-27 USD,0-5 Very low,0-5 Very low,2025-07-11,"4 Pack Adjustable Height Center Support Leg for Bed Frame, Upgrade Under Bed Support Leg with Wider Base, Bed Support Legs for Wood Slats, Bed Frame"
98,96,US,4437,Dorman,59-77 USD,0-5 Very low,0-5 Very low,2025-07-11,Dorman 924-311 Truck Bed Mounting Hardware
99,102,US,4437,,358-358 USD,0-5 Very low,0-5 Very low,2025-07-11,"Halo Safety Ring Bed Rail, Height Adjustable, Fits Beds up to 42"", Grab at Any Angle"
100,157,US,4437,,37-37 USD,0-5 Very low,0-5 Very low,2025-07-11,O.HSNYIU 4 Pcs Adjustable Height Bed Support Legs 10-17 inch Extra Durable Steel Bed Frame Support Legs with Wider Base
101,,US,4437,Hollywood Bed,,0-5 Very low,,2025-07-11,Hollywood Bed Frame Bolt On Bed Rails King with center support and 2-Glides
102,111,US,4437,,74-74 USD,0-5 Very low,0-5 Very low,2025-07-11,Dormco The Storage MAX Underbed Wooden Organizer with Wheels
103,206,US,4437,,13-13 USD,0-5 Very low,0-5 Very low,2025-07-11,BTSD-home Furniture Risers 2 Inch Bed Risers Heavy Duty Adjustable Dorm Bed Lifts Risers Table Desk Chair Leg Extenders 4 Pack Black
104,,US,4437,,22-22 USD,0-5 Very low,,2025-07-11,"Mattress Retainer Bar For Adjustable Bed Keep Mattress Stopper From Sliding, Wider Taller Non Slip Mattress Gripper, Mattress Gaskets For Platform"
105,,US,4437,,,0-5 Very low,,2025-07-11,"Shop 6 PCS Non Slip Mattress Gripper,Anti Slide Mattress Stopper,Mattress Retainer Bar for Adjustable Metal Bed Frames,Keep Mattress from Sliding(0.98"
106,154,US,4437,Tempur,42-70 USD,0-5 Very low,0-5 Very low,2025-07-11,Tempur-Pedic Universal Headboard Bracket Kit 45325195
107,17,US,4437,,100-125 USD,0-5 Very low,11-20 Medium,2025-07-11,Dormco Suprima Ultimate Height Bed Risers
108,252,US,4437,,12-12 USD,0-5 Very low,0-5 Very low,2025-07-11,"NENOWOND Adjustable Bed Legs 4-Pack - ABS Plastic 6""-11"" Furniture Support Legs for Bed Frame/Sofa/Table, Heavy Duty Center Support with Non-Slip"
109,140,US,4437,,12-14 USD,0-5 Very low,0-5 Very low,2025-07-11,SlipToGrip Premium Bed Wheel Stoppers Versatile Casters for Furniture Fits All Furniture Wheels
110,108,US,4437,,8-8 USD,0-5 Very low,0-5 Very low,2025-07-11,Home's Place Replacement Plastic Bed Frame Feet
111,121,US,4437,,13-16 USD,0-5 Very low,0-5 Very low,2025-07-11,"shouwuhho 8 Pack Furniture Risers Adjustable Bed Risers Heavy Duty Lifts Height 1"", Square Stackable Bed Risers 1, 2 or 3 Inch for Desk Leg Table"
112,156,US,4437,The Container Store,30-30 USD,0-5 Very low,0-5 Very low,2025-07-11,The Container Store Wide Underbed Drawer
113,110,US,4437,,110-110 USD,0-5 Very low,0-5 Very low,2025-07-11,Queen/King T-Rail
114,87,US,4437,,99-99 USD,0-5 Very low,0-5 Very low,2025-07-11,Step2Bed Mini Bedside Safety Step Stool
115,113,US,4437,Glideaway,94-119 USD,0-5 Very low,0-5 Very low,2025-07-11,Glideaway Hospitality Bed X-Support System 3 Rails
116,107,US,4437,,60-61 USD,0-5 Very low,0-5 Very low,2025-07-11,"15 cm high furniture feet 20/25/30/35/40/45/50 cm | GRAZ | Furniture legs, cabinet feet, base feet for cabinets, couches, sofas, beds, or sideboards"
117,162,US,4437,POWERTEC,13-13 USD,0-5 Very low,0-5 Very low,2025-07-11,Powertec 71425 Surface Mounted Bed Rail Brackets Bed Frame Fasteners Hardware with Mounting Screws
118,173,US,4437,Kennedy International Inc.,23-23 USD,0-5 Very low,0-5 Very low,2025-07-11,Simplify 8 Piece Adjustable Bed Risers Set
119,86,US,4437,,17-17 USD,0-5 Very low,0-5 Very low,2025-07-11,Anti-slip Mattress Gasket 6 Pcs Metal Gasket Set to Keep Your Mattress in Place
120,,US,4437,,12-12 USD,0-5 Very low,,2025-07-11,Mattress Gaskets for Metal Bed Frame Non Slip Mattress Holder Mattress Stoppers to Prevent Sliding 6pcs Anti-Slip Baffle Extra Heavy Duty Mattress
121,,US,4437,Pelegon,,0-5 Very low,,2025-07-11,PELEGON Bed Rails for Elderly Adults Safety Adjustable Height Bed Assist Handle with Utility Bag
122,189,US,4437,,24-27 USD,0-5 Very low,0-5 Very low,2025-07-11,"Vekkia King Bed Wedge Pillow for Headboard Gap Filler(0-3.5""),High-Density Foam,Prevents Pillows & Items Loss,Ergonomic Design,Large Storage Pockets"
123,177,US,4437,,13-13 USD,0-5 Very low,0-5 Very low,2025-07-11,"2 Pcs Bed Frame Brackets Adapter for Headboard Extra, Heavy Duty Bed Modification Plate, Headboard Attachment Bracket with Hardware"
124,98,US,4437,,79-79 USD,0-5 Very low,0-5 Very low,2025-07-11,4-Piece Hook on Bed Frame Brackets with Hardware Hook Plate
125,137,US,4437,,9-9 USD,0-5 Very low,0-5 Very low,2025-07-11,"JJHXSM 2-Pack Iron Bed Frame Hooks, Nickel-Plated, 3.8x2.3x0.08 Inches, 11/32 Inch Mounting Hole, 2 Hooks Per Plate, Classic Style, Rust Resistant,"
126,105,US,4437,Rockler,15-20 USD,0-5 Very low,0-5 Very low,2025-07-11,"Rockler 5/8"" Heavy Duty Wrought Steel Bed Rail Fasteners"
127,129,US,4437,,9-9 USD,0-5 Very low,0-5 Very low,2025-07-11,College Dorm Bed Step (Foot Saver)
128,155,US,4437,,33-33 USD,0-5 Very low,0-5 Very low,2025-07-11,"BANBALOO | Bed Rails for Elderly Adults Safety | Bed Restraints Guard Rails for Adults and Seniors | King, Queen, Twin, Full Size and Adjustable"
129,104,US,4437,,20-21 USD,0-5 Very low,0-5 Very low,2025-07-11,"4 PCS Adjustable Height Center Support Leg for Bed Frame (6.5""-11""), Upgrade Under Bed Support Leg with Wider Base, Bed Center Slat/Furniture, Heavy"
130,130,US,4437,,8-8 USD,0-5 Very low,0-5 Very low,2025-07-11,Kings Brand Furniture Bed Frame Hardware Set Heavy Duty Hardware For Bed Frame To Attach Headboard & Footboard
131,182,US,4437,,15-15 USD,0-5 Very low,0-5 Very low,2025-07-11,Doublelife 2PCS Bed Risers Furniture Riser Heavy Duty Bed Lifts in Heights of 1.97Inches
132,101,US,4437,,26-28 USD,0-5 Very low,0-5 Very low,2025-07-11,Sephyroth Adjustable Bed Risers Furniture Risers 4Pack with Screw Clamp.Table Desk Chair Risers.Bed Risers 4Inch Fit Furniture's Square/Round Leg
133,103,US,4437,,20-20 USD,0-5 Very low,0-5 Very low,2025-07-11,"8pcs Black Bed Risers Set Heavy Duty Lift Blocks Adjustable Height to 8, 5 or 3 Inch for Home Furniture Bed Couch Sofa Chair Table"
134,211,US,4437,Utopia Bedding,10-12 USD,0-5 Very low,0-5 Very low,2025-07-11,Utopia Bedding Bed Risers 3 Inch 8 Pack Round Furniture Risers with Top Anti-Slip Foam with Metal Plate & Bottom Rubber Pads
135,120,US,4437,Medline,46-70 USD,0-5 Very low,0-5 Very low,2025-07-11,Medline Rail Side Spring Loaded 4 Bar
136,163,US,4437,,26-26 USD,0-5 Very low,0-5 Very low,2025-07-11,"Sopicoz Wooden Furniture Risers 2 Inch Tapered Bed Risers Set of 6, Heavy Duty Wood Bed Lifts Risers for Table, Sofa, Couch, Desk, Dresser"
137,171,US,4437,,26-26 USD,0-5 Very low,0-5 Very low,2025-07-11,"KOXHERO Mattress Retainer Bar Bracket Holder 4Pcs - Keeps Mattress from Sliding on Platform, Adjustable & RV Beds"
138,135,US,4437,,27-27 USD,0-5 Very low,0-5 Very low,2025-07-11,Fexon Truck Bed Mounting Bolt Kit Replacement For Ford Ranger 1983-2011
139,153,US,4437,Premier 1 Supplies,52-52 USD,0-5 Very low,0-5 Very low,2025-07-11,Horned Milking Headpiece with Removable Tray from Premier 1
140,64,US,4437,,17-17 USD,0-5 Very low,0-5 Very low,2025-07-11,"Furniture Risers, Tclouda Bed/Sofa/Desk/Table/Chair Leg/Fridge Lifts to 1.5, 3 and 4 in, Rectangle Adjustable Risers Blocks for Extenders, Heavy"
141,146,US,4437,,300-300 USD,0-5 Very low,0-5 Very low,2025-07-11,"Oak Unfinished Solid Wood Library Attic,Furniture Ladder, Bunk Bed, Choose Size, Angle and material. 12D 16"" Wide. MD4"
142,208,US,4437,,19-22 USD,0-5 Very low,0-5 Very low,2025-07-11,Demiwise Heavy Duty Bed Risers Set of 4 Adjustable Furniture Risers Elevation Heights of 3
143,,US,4437,,10-10 USD,0-5 Very low,,2025-07-11,"Luyena Bed Sheet Straps,6 PCS Secure and Fitted Sheet Straps for Full Size Bed,Adjustable Sheet Clips Elastic Fasteners Holders for Corners,Enhance"
144,165,US,4437,,17-17 USD,0-5 Very low,0-5 Very low,2025-07-11,"Tie Down Anchors 4 Pcs Truck Bed Side Wall Anchor fit for 07 22 Chevy Silverado/Gmc Sierra,15 22 Chevy Colorado/Gmc Cany"
145,262,US,4437,Glideaway,70-70 USD,0-5 Very low,0-5 Very low,2025-07-11,Glideaway Q/K/CKG Frame with Glides
146,,US,4437,,33-33 USD,0-5 Very low,,2025-07-11,"ROYALAY Bed Divider for Co Sleeping Adults, Bed Bumpers, Bumper with Adjustable Strap, Rail Guard with Washable Cover Fit for Twin, Full, Queen,"
147,186,US,4437,Mainstays,,0-5 Very low,0-5 Very low,2025-07-11,Mainstays Home Management Tall Bed Risers Black 4-Pack
148,134,US,4437,,16-17 USD,0-5 Very low,0-5 Very low,2025-07-11,Kopkio 2 Pcs Bed Frame Brackets Adapter/Connector Heavy Duty Bed Modification Plate Brackets for Headboard
149,124,US,4437,,89-89 USD,0-5 Very low,0-5 Very low,2025-07-11,Adjustable Walnut Brown Bed Risers Furniture Risers
150,132,US,4437,Stander,35-40 USD,0-5 Very low,0-5 Very low,2025-07-11,Stander Recliner Risers
151,123,US,4437,,16-16 USD,0-5 Very low,0-5 Very low,2025-07-11,"House Gas Struts Gas Shock Lift Supports Gas Spring for Bed Cupboard Window (66lb, 15inch)"
152,174,US,4437,Tempur,24-24 USD,0-5 Very low,0-5 Very low,2025-07-11,Tempur-Pedic Universal Headboard Bracket Kit
153,116,US,4437,,180-180 USD,0-5 Very low,0-5 Very low,2025-07-11,"Wooden Bed Rails - Queen/King Bed Rails - 82"" Hook-On Wooden Side Rails - Cherry Finish - Replacement Bed Rails"
155,114,US,4437,,50-51 USD,0-5 Very low,0-5 Very low,2025-07-11,Black Adjustable Steel Headboard Bracket by YYBUSHER for All Bed Sizes
156,,US,4437,,10-10 USD,0-5 Very low,,2025-07-11,"24Pcs Furniture Wall Protectors, Headboard Pads EVA Foam Headboard Stoppers for Bed Stoppers Couch Wall Protector"
157,219,US,4437,,10-11 USD,0-5 Very low,0-5 Very low,2025-07-11,eve 6 in. Black Bed Risers
158,127,US,4437,,69-76 USD,0-5 Very low,0-5 Very low,2025-07-11,Heavy Duty Furniture Risers Elevator For Sofa ... MAXAYA
159,188,US,4437,,130-130 USD,0-5 Very low,0-5 Very low,2025-07-11,"Heavy Duty Freestanding Senior Handicapped Metal Bed Guard Rail, Black| Merchandise Plug"
160,191,US,4437,,15-15 USD,0-5 Very low,0-5 Very low,2025-07-11,"Furniture Bolts Fastener Screws Socket Head Screws, 10Pcs Hex Socket Head Screws Nuts Furniture Connector for Crib Baby Bed Cots Furniture, Barrel"
161,,US,4437,Stander,99-110 USD,0-5 Very low,,2025-07-11,Stander 30 Safety Bed Rail
162,117,US,4437,,18-20 USD,0-5 Very low,0-5 Very low,2025-07-11,"""Heavy Duty Bed Furniture Risers"
163,,US,4437,,19-21 USD,0-5 Very low,,2025-07-11,"Bed Gap Filler,High-Density Bed Crack Filler with Removable Cover,Mattress Extender for Headboard Gap,Spacer Filler Between Mattress and Wall,Bed"
164,175,US,4437,,10-10 USD,0-5 Very low,0-5 Very low,2025-07-11,matgvotfa Bed Gap Filler Custom Mattress Extender for King Twin Full Size Bed Space Filler Between Bed and Wall with Removable Cover Stuffer
165,192,US,4437,,40-40 USD,0-5 Very low,0-5 Very low,2025-07-11,Truck Bed Mounting Bolt Nut Hardware Kit Fits 1999-2016 Ford F250 F350 Super Duty Truck Replaces # W706640S900 W706641S900 W708770S436 XC3Z9900038AA
166,271,US,4437,Medline,38-38 USD,0-5 Very low,0-5 Very low,2025-07-11,Medline Bed Assist Bar
167,183,US,4437,Atlantic Furniture,93-101 USD,0-5 Very low,0-5 Very low,2025-07-11,Afi Foot Drawer Queen
168,,US,4437,,20-20 USD,0-5 Very low,,2025-07-11,"SKORVA Center Support Beam, Galvanized Steel Midbeam Support Beam - Bed Frame Support Beams,skorva midbeam, Support Beams for Bed, hemnes Bed"
169,295,US,4437,,34-34 USD,0-5 Very low,0-5 Very low,2025-07-11,KUSRUP Slatted Bed Base Replacement Wooden Bed Slats Board for Metal Bed Frames Sofa Mattress Foundation/Platform
170,233,US,4437,,15-15 USD,0-5 Very low,0-5 Very low,2025-07-11,"Bed Ladder Assist,Pull up Helper and Sit up Helper 4 Handle Grips,Bed Rail Assistance Devices Adjustable Length Bed Lift for Most Beds Mobility Aid"
171,136,US,4437,,52-52 USD,0-5 Very low,0-5 Very low,2025-07-11,Hatchlift Products RV Bedlift Kit Queen Heavy – Oversize/Pillowtop Queen
172,172,US,4437,,209-229 USD,0-5 Very low,0-5 Very low,2025-07-11,Step2Bed Bedside Safety Step
173,148,US,4437,,70-74 USD,0-5 Very low,0-5 Very low,2025-07-11,Skuehod Bed Side Rail for Adjustable Bed Screw Into Wooden Board Only
174,264,US,4437,,17-17 USD,0-5 Very low,0-5 Very low,2025-07-11,"Bonsicoky 4 Pcs Self-Adhesive Furniture Bed Risers, Square Heavy Duty Carbon Steel Table Sofa Risers Adds 2"" Height with Felt Pad,White"
175,,US,4437,,30-30 USD,0-5 Very low,,2025-07-11,TABEKE Bed Rails for Elderly Adults Adjustable Bed Assist Rails for Seniors
176,168,US,4437,Skil-Care,127-130 USD,0-5 Very low,0-5 Very low,2025-07-11,Skil-Care Roll-Control Bolster
177,142,US,4437,,20-20 USD,0-5 Very low,0-5 Very low,2025-07-11,"7"" x 7"" Pocket - Furniture and Bed Risers - (1 piece)"
178,126,US,4437,,5-5 USD,0-5 Very low,0-5 Very low,2025-07-11,24pcs M6x11mm/12mm Barrel Bolts Cross Dowel Slotted Nuts Baby Bed Crib Screws Hardware Replacement Kit for Bunk Bed Beds Headboards Chairs Furniture
179,207,US,4437,,20-20 USD,0-5 Very low,0-5 Very low,2025-07-11,"House Gas Struts Gas Shock Lift Supports Gas Spring for Bed Cupboard Window (45lb, 15inch)"
180,,US,4437,,135-135 USD,0-5 Very low,,2025-07-11,2005+ Toyota Tacoma Bed Stiffeners Black Powdercoat 10 Gauge Steel
181,195,US,4437,Continental Sleep,26-29 USD,0-5 Very low,0-5 Very low,2025-07-11,"Continental Sleep 74.8"" Bed Bridge Pad Twin to King Converter Kit"
182,166,US,4437,Medline,190-233 USD,0-5 Very low,0-5 Very low,2025-07-11,Medline Lightweight Bariatric Trapeze
183,257,US,4437,,15-15 USD,0-5 Very low,0-5 Very low,2025-07-11,"HAVONIZD Mattress-Slide-Stopper, 6-PCS, Mattress-Holder for Metal Bed-Frame, Non-Slip Mattress-Gaskets, Keep-Mattress-from-Sliding, Adjustable Size,"
184,185,US,4437,,70-70 USD,0-5 Very low,0-5 Very low,2025-07-11,REFURB Suprima Ultimate Height Bed Risers - Original Style Carbon Steel - White
185,,US,4437,,19-20 USD,0-5 Very low,,2025-07-11,"Bed Bridge Twin to King, Extra Long Bed Converter with Metal Button and Fixing Straps.Split King Gap Filler for Adjustable Bed.Bed Bridge for Babies"
186,179,US,4437,,24-24 USD,0-5 Very low,0-5 Very low,2025-07-11,"MYMULIKE Bed Risers Oversized, 4 Inch Heavy Duty Furniture Risers Support Up to 6000lbs, Adjustable 8 Inch Bed Raising Blocks, Bed Lifts for College"
187,210,US,4437,,57-60 USD,0-5 Very low,0-5 Very low,2025-07-11,"Focalmotors Replacement Support Wooden Slats for Metal Bed Frame and Sofa, Solid Wood Mattress Sofa Cushion Support 10 Packs of Replacement spares ("
188,,US,4437,,17-17 USD,0-5 Very low,,2025-07-11,"4 Pack Bed Support Legs,Replacement Adjustable Bed Frame Support Legs with Scales/Bed Frame Feets"
189,180,US,4437,Atlantic Furniture,155-155 USD,0-5 Very low,0-5 Very low,2025-07-11,AFI Twin XL-Queen-King Solid Wood Bed Drawer
190,152,US,4437,,16-16 USD,0-5 Very low,0-5 Very low,2025-07-11,KASUNEN Bed Rail Brackets Bed Rail Fittings
191,139,US,4437,,8-10 USD,0-5 Very low,0-5 Very low,2025-07-11,"shouwuhho 4 Pack Furniture Risers Adjustable Bed Risers Heavy Duty Lifts Height 1"", Square Stackable Bed Risers 1, 2 or 3 Inch for Desk Leg Table"
192,258,US,4437,,15-15 USD,0-5 Very low,0-5 Very low,2025-07-11,Jonkehai 8PCS Adjustable Bed Support Legs Bed Frame Support Legs Adjustable Bed Legs for King Queen Bed Slats
193,270,US,4437,,22-22 USD,0-5 Very low,0-5 Very low,2025-07-11,Yokokai Anti-Fall Bed Restraint Belt Bed Restraint Auxiliary Device
194,242,US,4437,Graham Field,122-138 USD,0-5 Very low,0-5 Very low,2025-07-11,Graham-Field Universal Telescoping Bed Rail GF6570A-1
195,298,US,4437,,29-29 USD,0-5 Very low,0-5 Very low,2025-07-11,"Alpeir Wood Bed Risers Heavy Duty, Support Loading 2200lbs, 4 Pack Furniture Riser Leg Height Extenders Lifts for Dorm Sofa Couch Desk Chair Table,"
196,201,US,4437,Wilding Wallbeds,269-269 USD,0-5 Very low,0-5 Very low,2025-07-11,Wilding Wallbeds Murphy Bed Hardware Queen or Full Size Piston Lift Mechanism with Steel Legs and Pivots
197,164,US,4437,,6-6 USD,0-5 Very low,0-5 Very low,2025-07-11,Pack of 1 pcs 6 cms wide Replacement bed slats curved sprung bent birch wood variable length
198,222,US,4437,Loon Peak,130-200 USD,0-5 Very low,0-5 Very low,2025-07-11,Cowarts Support Deck Loon Peak
199,194,US,4437,,13-18 USD,0-5 Very low,0-5 Very low,2025-07-11,InRoom Furniture Replacement Bedframe Glides Black
200,,US,4437,,14-14 USD,0-5 Very low,,2025-07-11,Lifemaster Furniture Riser Set 4 Pieces Non-Slip Design Furniture Leg Riser fits with Bed
201,216,US,4437,Cali Raised LED,108-120 USD,0-5 Very low,0-5 Very low,2025-07-11,Bed Channel Supports and Stiffeners For 2005-2023 Toyota Tacoma
202,141,US,4437,Medline,29-29 USD,0-5 Very low,0-5 Very low,2025-07-11,Medline Bed Assist Bar with M-Shaped Handle
203,193,US,4437,,10-10 USD,0-5 Very low,0-5 Very low,2025-07-11,"Jsp Manufacturing Black Plastic 3-5/8"" Bed Frame Feet Glide Legs"
204,61,US,4437,,20-20 USD,0-5 Very low,0-5 Very low,2025-07-11,"Weture 8’’ Wide Bed Bridge Twin to King, Split King Gap Filler for Adjustable Bed, Twin to King Bed Converter with Adjustable Strap, Seamless"
205,250,US,4437,,38-38 USD,0-5 Very low,0-5 Very low,2025-07-11,"Mysummer Pack of 4 Bed Risers Square Wood Color Furniture Risers, Add 2"" Height to Sofa,Desks,Tables and Chairs Creat Underbed Storage"
206,149,US,4437,,185-185 USD,0-5 Very low,0-5 Very low,2025-07-11,Premium Cherry Finish Wooden Bed Rails
207,,US,4437,,26-26 USD,0-5 Very low,,2025-07-11,"924-311 Truck Bed Mounting Hardware Kit Fits for Ford F250 F350 F450 F550 Super Duty Truck Replaces# W706640S900, W706641S900, W708770S436"
208,,US,4437,,17-17 USD,0-5 Very low,,2025-07-11,Anmas 30pcs M6 Length 16mm Furniture Joint Connector Bolt & Cap Nut Kit Use for Cot Bed Crib Bolts Hex Drive Socket Cap Bolts
209,267,US,4437,,27-34 USD,0-5 Very low,0-5 Very low,2025-07-11,Dorman 927-827 Truck Bed Mounting Hardware
210,,US,4437,,27-27 USD,0-5 Very low,,2025-07-11,"ANNKUT Bed Risers 4 Inch, Heavy Duty Furniture Elevator in Heights of 1.5, 3 or 4 Inch"
211,147,US,4437,Rockler,20-20 USD,0-5 Very low,0-5 Very low,2025-07-11,"Rockler 5"" Surface Mounted Bed Rail Brackets"
212,,US,4437,,14-14 USD,0-5 Very low,,2025-07-11,"Bed Rail Bracket - Black Heavy Duty Non-Mortise Bed Rail Bracket Bed Rail Fasteners,Set of 4 (Screws Included)"
213,226,US,4437,Rockler,8-8 USD,0-5 Very low,0-5 Very low,2025-07-11,Rockler Bunk Bed Pins
214,170,US,4437,Walgreens,50-50 USD,0-5 Very low,0-5 Very low,2025-07-11,Walgreens Bedside Rail
215,209,US,4437,,34-34 USD,0-5 Very low,0-5 Very low,2025-07-11,Mr IRONSTONE Lengthened Under Bed Storage with 6 Wheels Rolling Underbed Storage with Handle
216,259,US,4437,Integral Truck,360-400 USD,0-5 Very low,0-5 Very low,2025-07-11,Integral Truck Rails Bedside Rail System Chevrolet Silverado & GMC Sierra 1500
217,,US,4437,,9-10 USD,0-5 Very low,,2025-07-11,2 Pack Extended 10 inch Gas Prop Force 150N/33LB Gas Struts – Black Gas Springs/Window Lift and Lid Support/Gas Shocks for RV Bed Platform/Floor
218,232,US,4437,,50-50 USD,0-5 Very low,0-5 Very low,2025-07-11,Vive Bed Assist Rail for Elderly Adults Safety Height Adjustable Bed Cane with Handrails for Bedroom
219,249,US,4437,IKEA,9-9 USD,0-5 Very low,0-5 Very low,2025-07-11,ReplacementScrews Bed Frame Cam Wheel Locks Compatible with IKEA Part 114670
220,212,US,4437,,8-8 USD,0-5 Very low,0-5 Very low,2025-07-11,Furniture Parts Ikea Mounting Plates for Bed Frame Part # 116791 fits Hemnes Malm Brimnes
221,,US,4437,IKEA,10-10 USD,0-5 Very low,,2025-07-11,Ikea Part # 116791
222,,US,4437,,27-27 USD,0-5 Very low,,2025-07-11,"TQVAI Wood Bed Risers - Supports up to 2200 lbs - Heavy Duty Furniture Risers for Sofa Desk Couch Table, 4 Pack Bed Frame Legs Support with Non-Slip"
223,253,US,4437,,10-10 USD,0-5 Very low,0-5 Very low,2025-07-11,WHYHKJ 2PCS Double Hook Slot Hole Hanging Slot Bracket Bed Frame Bed Post Double Hook Slot Hardware Attachment Bracket for Wooden Bed
224,,US,4437,,27-27 USD,0-5 Very low,,2025-07-11,"Bed Rails for Elderly Adults Safety, Bed Side Rails for Queen Bed, Medical Bed Assist Rail for Seniors with Motion Light &Storage Pocket, Height"
225,,US,4437,,28-28 USD,0-5 Very low,,2025-07-11,"ZDDLOINP Bed Risers with Adjustable Screw Clamp, Fits Thickness of Furniture Frame from 0 to 1.5 Inch, Furniture Risers 4 Inch Heavy Duty Risers for"
226,181,US,4437,,169-169 USD,0-5 Very low,0-5 Very low,2025-07-11,Mountainpeak Mid Rear Frame Rust Repair Kit for 2007-2014 Chevy Silverado 1500 GMC Sierra 1500 Reg Cab Short Bed
227,231,US,4437,Slipstick,19-19 USD,0-5 Very low,0-5 Very low,2025-07-11,Slipstick 3 Inch Bed Risers/Furniture Raisers with Steel Reinforced Holder Top
228,,US,4437,,20-20 USD,0-5 Very low,,2025-07-11,Adjustable Bed Base Input Power Cord Cable Prong Replacement
229,,US,4437,,76-76 USD,0-5 Very low,,2025-07-11,Ultimate Aluminum and Stainless Steel Swivel Top Bunk Bracket - 10 inch 2x2 kit
230,248,US,4437,,186-196 USD,0-5 Very low,0-5 Very low,2025-07-11,2005-2023 Toyota Tacoma Bed Stiffeners by Total Chaos Fab
231,236,US,4437,,8-9 USD,0-5 Very low,0-5 Very low,2025-07-11,Square Furniture Legs - Walnut Cabinet Feet Oak Bed Legs Solid Wood Sofa Accessories Walnut Solid Wood Furniture Legs - Sold As 1 Leg
232,215,US,4437,Mabis,41-41 USD,0-5 Very low,0-5 Very low,2025-07-11,Mabis DMI Vinyl Bed Rail Cushions
233,224,US,4437,,30-30 USD,0-5 Very low,0-5 Very low,2025-07-11,No-Mortise Corner Bed Bracket
234,284,US,4437,,21-21 USD,0-5 Very low,0-5 Very low,2025-07-11,Sevender Furniture Lifter 4pcs Non-Square Heavy Duty Solid Wood Furniture Legs Furniture Risers Add 1.89 Inch Height to Sofa Desks Tables Chairs Creat Underbed Storage
235,307,US,4437,,10-10 USD,0-5 Very low,0-5 Very low,2025-07-11,2 Pack Extended 10 inch Gas Prop Force 100N/22LB Gas Struts – Black Gas Springs/Window Lift and Lid Support/Gas Shocks for RV Bed Platform/Floor
236,133,US,4437,,54-54 USD,0-5 Very low,0-5 Very low,2025-07-11,Buve 2-in-1 Bed Bridge Twin to King with Attached Sheet Twin Bed Connector
237,213,US,4437,,17-25 USD,0-5 Very low,0-5 Very low,2025-07-11,"Czl Bed Bridge Twin to King Converter Kit 12"" Wide Bed Bridge Connector with 9.5m Adjustable Fixing Strap & 4 Holder Strap Clips"
238,190,US,4437,,35-40 USD,0-5 Very low,0-5 Very low,2025-07-11,Msr Imports Recliner Risers
239,199,US,4437,VEVOR,21-22 USD,0-5 Very low,0-5 Very low,2025-07-11,VEVOR Bed Bumper for Toddlers 47.4-inch Inflatable Bed Guard Rail with Hand Pump
240,,US,4437,,40-45 USD,0-5 Very low,,2025-07-11,"HEPO Bed Rails for Elderly Adults with Storage Pocket, Bed Assist Rail with Dual Grab Bars for Easily Getting in & Out of Bed, Bed Rail Fits King,"
241,138,US,4437,Stander,180-180 USD,0-5 Very low,0-5 Very low,2025-07-11,Able Life Click-N-Go Extendable Bed Rail
242,,US,4437,,27-27 USD,0-5 Very low,,2025-07-11,"Bed Gap Filler/Mattress Space Filler, Mattress Extender for Twin/Full/Queen/King Bed, Close Gap(0-12"") Between Mattress and Headboard or Wall, Stop"
244,297,US,4437,,14-14 USD,0-5 Very low,0-5 Very low,2025-07-11,"2 PCS Bed Frame Brackets Adapter for Headboard Extra, Full to Queen Conversion Kit, Heavy Duty Bed Modification Plate, Headboard Attachment for"
245,227,US,4437,,103-166 USD,0-5 Very low,0-5 Very low,2025-07-11,Alaterre Underbed Storage Drawers Set of 2
247,,US,4437,,16-16 USD,0-5 Very low,,2025-07-11,"Ahasolid Bed Risers 3 Inch Heavy Duty, L Shape Furniture Risers for Bed Frame, Couch, Desk, Cabinet, Chair, Lifts Up to 1,500 lb, Set of 6, Black"
248,,US,4437,,12-12 USD,0-5 Very low,,2025-07-11,4 Sets Bed Rail Fittings No-Mortise Bed Rail Brackets Heavy Duty Bed Frame Hardware Rust Proof Bed Frame Connectors with Screws for Headboards
249,,US,4437,,19-19 USD,0-5 Very low,,2025-07-11,Bed Frame USB Port Set
250,,US,4437,,22-24 USD,0-5 Very low,,2025-07-11,AORYVIC Sofa Legs Square Bed Feet 2 inch Wood Replacement Leg for Furniture Set of 4
252,184,US,4437,,40-40 USD,0-5 Very low,0-5 Very low,2025-07-11,Canford Bed Rails for Elderly Adults Safety with Motion Light Bed Assist Rail Handle with Support Legs
253,282,US,4437,Mainstays,11-11 USD,0-5 Very low,0-5 Very low,2025-07-11,Mainstays Tall Bed Riser
254,,US,4437,,8-8 USD,0-5 Very low,,2025-07-11,"binifiMux Crib Screws,Bed Frame Bolts and Nuts Kit Crib Parts Bunk Bed Screws"
255,283,US,4437,,120-278 USD,0-5 Very low,0-5 Very low,2025-07-11,"Couch Stand Assist for elderls, Sofa & Chair Stand Assist Rail, Heavy Duty Bed Assist Rail with Non-Slip Covers. Suitable for Seniors and Other"
256,,US,4437,,17-17 USD,0-5 Very low,,2025-07-11,"OneDream Wooden Furniture Risers Blocks - 1 inch Set of 4 Bed Risers, Heavy Duty Solid Wood Round Risers, Sofa Riser with Non-Slip Pad, Create"
258,,US,4437,,32-40 USD,0-5 Very low,,2025-07-11,Feelathome Bed Bridge Twin to King Converter Seamless Bed Bridge
259,,US,4437,,16-16 USD,0-5 Very low,,2025-07-11,"Bed Ladder Assist,Pull up Helper and Sit up Helper 4 Handle Grips,Bed Rail Assistance Devices Adjustable Length Bed Lift for Most Beds Mobility Aid"
260,294,US,4437,,140-140 USD,0-5 Very low,0-5 Very low,2025-07-11,"Trail Rail System, Bed Rail System, Compatible with Jeep Gladiator 2020 2021 2022 2023 2024 2025, Bed Tie Down Rails System | Replace# 82215956,"
261,,US,4437,,,0-5 Very low,,2025-07-11,Genuine Ford Bed Mounting Kit (self Tapping Nuts) Xc3z-9900038-aa
262,243,US,4437,,195-196 USD,0-5 Very low,0-5 Very low,2025-07-11,Camco Install Kit 22K 4 by 10-Bolt Fifthwheel Brackets HD with Bedrail
263,246,US,4437,Slipstick,16-16 USD,0-5 Very low,0-5 Very low,2025-07-11,"Slipstick Cb676 3 Inch Incline Bed Risers for Acid Reflux, Pain, and Breathing Relief Raises/Elevates Head"
264,265,US,4437,Drive DeVilbiss Healthcare,28-39 USD,0-5 Very low,0-5 Very low,2025-07-11,SafetySure Bed Pull-Up
265,272,US,4437,,8-8 USD,0-5 Very low,0-5 Very low,2025-07-11,"Neatbuddy 2pcs Black Adjustable Bed Frame Anti-Shake Tool, Headboard Stoppers with Free Furniture Pads And Screws"
266,,US,4437,VEVOR,20-20 USD,0-5 Very low,,2025-07-11,"VEVOR Bed Wedge Pillow for Headboard Bed Gap Filler Fill 0-7"" Gap"
267,,US,4437,,40-40 USD,0-5 Very low,,2025-07-11,DormCo Suprima Underbed Storage
268,261,US,4437,,5-5 USD,0-5 Very low,0-5 Very low,2025-07-11,24pcs M6x11mm Barrel Bolts Cross Dowel Slotted Nuts Baby Bed Crib Screws Hardware Replacement Kit for Bunk Bed Beds Headboards Chairs Furniture
269,234,US,4437,,74-100 USD,0-5 Very low,0-5 Very low,2025-07-11,Dorman 924-310 Truck Bed Mounting Hardware
270,,US,4437,IKEA,100-100 USD,0-5 Very low,,2025-07-11,IKEA HEMNES underbed storage box set of 2
271,,US,4437,,27-27 USD,0-5 Very low,,2025-07-11,"Wlrrcwdttc 4 Pcs Adjustable Height Bed Support Legs for Bed Frame/Bed Center Slat, Metal Adjustable Furniture Legs 7.08-12.2 inch for Bed/Sofa"
272,237,US,4437,,44-44 USD,0-5 Very low,0-5 Very low,2025-07-11,Equate Steel Adult Bed Safety Rails for Elderly & Senior Assistance
273,,US,4437,,55-55 USD,0-5 Very low,,2025-07-11,"Queen Bed Wooden Replacement Bedframe Slats Pack Qty 14 Support Slats 61"""
274,274,US,4437,,2-2 USD,0-5 Very low,0-5 Very low,2025-07-11,"Hillman Seamless Steel Spacers Size 5/8"" x 7/8"" x 1 880420"
275,263,US,4437,,30-30 USD,0-5 Very low,0-5 Very low,2025-07-11,Sheet Simple Grip N Hold Bed Sheet Holder Discrete Heavy Duty Sheet Holder
276,217,US,4437,,20-20 USD,0-5 Very low,0-5 Very low,2025-07-11,"Xuenair Adjustable Furniture Bed Risers, 1.6-2.6 inch Bed Risers Durable Plastic And Anti Slip Couch Risers 2 inch Bed And"
277,,US,4437,,30-31 USD,0-5 Very low,,2025-07-11,Bed slats Replacement Bed Frame Wooden slats
278,73,US,4437,Prime-Line,5-8 USD,0-5 Very low,0-5 Very low,2025-07-11,Prime-Line 1-1/4 in. Steel Bed Frame Rail Clamp
279,,US,4437,,37-37 USD,0-5 Very low,,2025-07-11,Lund Universal Ramp Kit For 2X8in To 2X10in Planks 9X7.5X2.25in 602002
280,276,US,4437,,19-19 USD,0-5 Very low,0-5 Very low,2025-07-11,"MELIPRON 10pcs T-Slot Nuts Fit for Toyota Tacoma & Tundra Pick Up Truck Bed Deck Rails 3/8""-16"
282,287,US,4437,,77-93 USD,0-5 Very low,0-5 Very low,2025-07-11,"Bunk Bed Ladder 3 Step/4 Step/5 Step Bunk Bed Ladder for Heavy Duty People, Wooden Loft Bed Ladders with Hooks Bracket and Anti-Slip Feet"
283,,US,4437,,27-27 USD,0-5 Very low,,2025-07-11,"6 PCS Adjustable Height Bed Support Legs (8.3""-14.5"") Bed Frame Leg for King Queen Bed Slats Bed Slat Support Bed Frame Center Support Furniture Leg"
284,312,US,4437,,29-29 USD,0-5 Very low,0-5 Very low,2025-07-11,17Inch 150Lbs/667N Gas Struts Spring Shocks Lift Support with L Brackets for RV Murphy Bed Heavy Duty Tool Box Cabinet Trap Basement Door Floor
285,,US,4437,,21-21 USD,0-5 Very low,,2025-07-11,"CHORMING Adjustable Bed Frame Support Leg Bed Frame Center Support Leg Bed Furniture Board Support Center Slat Heavy for Bed Frame,Cabinet and"
286,,US,4437,,229-229 USD,0-5 Very low,,2025-07-11,Step2Bed XL Bedside Step Stool
287,106,US,4437,Utopia Bedding,20-20 USD,0-5 Very low,0-5 Very low,2025-07-11,"Utopia Bedding Adjustable Bed Furniture Risers Elevation in Heights 3, 5 or 8 Inch Heavy Duty Risers for Beds"
288,218,US,4437,,26-26 USD,0-5 Very low,0-5 Very low,2025-07-11,15Inch 100Lbs/ 445N Lift Support Gas Struts Spring Shock with L Brackets for RV Bed Heavy Duty TV Cabinet Window Toolbox Lid Floor Hatch Door Trash
290,,US,4437,,,0-5 Very low,,2025-07-11,Truck Bed Mounting Hardware Kit 99-13 Ford Super Duty XC3Z-9900038-AA
291,293,US,4437,,47-47 USD,0-5 Very low,0-5 Very low,2025-07-11,11 Inch Metal Adjustable Bed Base Frame Leg Replacement Heavy Duty Extra Height Leg Compatible with 89% of Frameworks Such as M8 M10 Thread (Set of
292,,US,4437,,17-18 USD,0-5 Very low,,2025-07-11,ISIVOVE 74-inch Extended Adjustable Truck Grab Bed with Lever Hook
295,,US,4437,,60-60 USD,0-5 Very low,,2025-07-11,NIMOOD C4 PRO Bed Rails for Elderly Adults Safety with Extension Legs
296,,US,4437,,33-33 USD,0-5 Very low,,2025-07-11,"Vepagoo 20 Inch 200Lb/890N Gas Struts Shock for Heavy Duty RV Bed, Lift Support with L-Type Mounts Brackets for Murphy Bed Storage Box Lid Cabinet"
297,,US,4437,,179-179 USD,0-5 Very low,,2025-07-11,Bed Step Stool with Rail for High Beds Adults & Elderly Assist Step Up Foot Stool with Handle
299,291,US,4437,,35-35 USD,0-5 Very low,0-5 Very low,2025-07-11,Chzimade Bed Wood Slats Replacement Parts for Bed Frame Sofa Curved Slats 10Pcs
300,247,US,4437,,25-25 USD,0-5 Very low,0-5 Very low,2025-07-11,Marshall Adjustable Bed Risers – Heavy-Duty Metal Frame Glides with Scratch-Resistant Nylon Base for Bed Height Extension or Floor Leveling
301,,US,4437,,18-18 USD,0-5 Very low,,2025-07-11,Room Designs Bed Riser Set Black Functional Square
302,300,US,4437,,17-17 USD,0-5 Very low,0-5 Very low,2025-07-11,"RELIABILT 6"" Black Bed Risers 4902224RB"
303,,US,4437,,25-25 USD,0-5 Very low,,2025-07-11,Chzimade 10Pcs 68cm Length Wooden Bed Slats for Sofa Bed Wooden Bunkie Board Enhance Mattress Support
304,,US,4437,,36-38 USD,0-5 Very low,,2025-07-11,Xentrawave Dual Bar Bed Rail for Elderly Adults Safety with Storage Pocket
305,,US,4437,,34-37 USD,0-5 Very low,,2025-07-11,Generic 4 Pack Boxlink Tie Down Anchors Cleats Bed Tie Downs with Tie Down Plates Brackets Anti-Theft Screws for 2015-2024 F150 F250 F350
307,,US,4437,,90-90 USD,0-5 Very low,,2025-07-11,Disc-O-Bed Footlocker
308,,US,4437,,,0-5 Very low,,2025-07-11,"aglehome 4 Pack Bed Risers, Risers for Bed Frame Heavy Duty Bed Risers for Metal Frame Dorm Bed Risers Adjustable to 3.1"", 5.1"" Heights, Supports up"
309,301,US,4437,,100-114 USD,0-5 Very low,0-5 Very low,2025-07-11,Andersen 3219 Bed Shaft
310,167,US,4437,ANDERIC,39-42 USD,0-5 Very low,0-5 Very low,2025-07-11,Anderic RR399A Replacement Adjustable Bed Frame Remote Control for Sealy
311,251,US,4437,,24-25 USD,0-5 Very low,0-5 Very low,2025-07-11,Vepagoo 15 Inch 22.5Lb Gas Shock Strut For Toolbox Rv Bed Cover Trap Door Window Boat Hatch And Other Diy Project
313,,US,4437,,50-50 USD,0-5 Very low,,2025-07-11,Tigeracing 15074252 Tie Down Anchors Retractable Truck Bed Top Side D Ring
314,,US,4437,,7-7 USD,0-5 Very low,,2025-07-11,"ReplacementScrews Bed Frame Rails & Support Screws Compatible with IKEA Part 110789 & 126860 (MALM, HEMNES, etc) Euro Screws (Pack of 5)"
316,241,US,4437,,10-10 USD,0-5 Very low,0-5 Very low,2025-07-11,"Kohome 6Pcs Bed Frame Feet,Bed Frame Feet for Replace Wheels,Risers for Bed Frame,Prevent Sliding Plastic Reinforced Bed Risers"
317,273,US,4437,Making Waves,11-13 USD,0-5 Very low,0-5 Very low,2025-07-11,Making Waves Waterbed Drain and Fill Kit DFK
319,,US,4437,,23-23 USD,0-5 Very low,,2025-07-11,"Generic 6 Pcs 5'' High Rise Bed Frame Risers Heavy Duty Stem Bed Frame Feet with Socket Sleeve to Replace,Lift a Bed Frame by 5 Inches"
320,,US,4437,,50-50 USD,0-5 Very low,,2025-07-11,Vive Stand Assist
321,269,US,4437,,23-27 USD,0-5 Very low,0-5 Very low,2025-07-11,Tristate Apartment Furnishres Extension Bracket for Footboard Attachment
322,288,US,4437,,100-114 USD,0-5 Very low,0-5 Very low,2025-07-11,"Aesthetern Bed Rails for Elderly Adults Safety-Adjustable Heights&Extendable Bed Side Rail with Leg,Storage Pocket,Motion Sensor Light,Foldable Bed"
